Create user ers
identified by welcome1;

grant dba to ers;
/* some data was editted/created using SQLDeveloper instead of sql commands*/

CREATE TABLE ERS_USER_ROLES
(ERS_USER_ROLE_ID NUMBER NOT NULL,
USER_ROLE VARCHAR2(10) NOT NULL,
CONSTRAINT ERS_USER_ROLES PRIMARY KEY (ERS_USER_ROLE_ID));

CREATE TABLE ERS_REIMBURSEMENT_TYPE
(REIMB_TYPE_ID NUMBER NOT NULL,
REIMB_TYPE VARCHAR2(10) NOT NULL,
CONSTRAINT REIMB_TYPE_PK PRIMARY KEY (REIMB_TYPE_ID));

CREATE TABLE ERS_REIMBURSEMENT_STATUS
(REIMB_STATUS_ID NUMBER NOT NULL,
REIMB_STATUS VARCHAR2(10) NOT NULL,
CONSTRAINT REIMB_STATUS_PK PRIMARY KEY (REIMB_STATUS_ID));

CREATE TABLE ERS_USERS
(ERS_USERS_ID NUMBER NOT NULL,
ERS_USERNAME VARCHAR2(50) NOT NULL,
ERS_PASSWORD VARCHAR2(50) NOT NULL,
USER_FIRST_NAME VARCHAR2(100) NOT NULL,
USER_LAST_NAME VARCHAR2(100) NOT NULL,
USER_EMAIL VARCHAR2(100) NOT NULL,
USER_ROLE_ID NUMBER NOT NULL,
CONSTRAINT ERS_USERS_Pk PRIMARY KEY(ERS_USERS_ID),
CONSTRAINT ERS_USERS_UNv1 UNIQUE(ERS_USERNAME),
CONSTRAINT ERS_USERS_UNv2 UNIQUE (USER_EMAIL),
CONSTRAINT USER_ROLES_Fk FOREIGN KEY (USER_ROLE_ID) REFERENCES ERS_USER_ROLES(ERS_USER_ROLE_ID)
);


CREATE TABLE ERS_REIMBURSEMENT(
REIMB_ID NUMBER NOT NULL,
REIMB_AMOUNT NUMBER NOT NULL,
REIMB_SUBMITTED TIMESTAMP NOT NULL,
REIMB_RESOLVED TIMESTAMP,
REIMB_DESCRIPTION VARCHAR2 (220),
REIMB_RECEIPT BLOB,
REIMB_AUTHOR NUMBER NOT NULL,
REIMB_RESOLVER NUMBER,
REIMB_STATUS_ID NUMBER NOT NULL,
REIMB_TYPE_ID NUMBER NOT NULL,
CONSTRAINT ERS_REIMBURSEMENT_PK PRIMARY KEY(REIMB_ID),
CONSTRAINT ERS_USERS_fk_AUTH FOREIGN KEY(REIMB_AUTHOR) REFERENCES ERS_USERS(ERS_USERS_ID),
CONSTRAINT ERS_USERS_fk_RESLVR FOREIGN KEY(REIMB_RESOLVER) REFERENCES ERS_USERS(ERS_USERS_ID),
CONSTRAINT ERS_REIMBURSEMENT_STATUS_fk FOREIGN KEY(REIMB_STATUS_ID) REFERENCES ERS_REIMBURSEMENT_STATUS(REIMB_STATUS_ID),
CONSTRAINT ERS_REIMBURSEMENT_TYPE_fk FOREIGN KEY(REIMB_TYPE_ID) REFERENCES ERS_REIMBURSEMENT_TYPE(REIMB_TYPE_ID)
);

COMMIT;


INSERT INTO ERS_USER_ROLES
VALUES (1,'EMPLOYEE');

INSERT INTO ERS_USER_ROLES
VALUES (2,'MANAGER');

INSERT INTO ERS_REIMBURSEMENT_STATUS
VALUES (1,'PENDING');

INSERT INTO ERS_REIMBURSEMENT_STATUS
VALUES (2,'DENIED');

INSERT INTO ERS_REIMBURSEMENT_STATUS
VALUES (3,'APPROVED');

COMMIT;

INSERT INTO ERS_REIMBURSEMENT_TYPE
VALUES (1,'BUSINESS');

INSERT INTO ERS_REIMBURSEMENT_TYPE
VALUES (2,'LODGING');

INSERT INTO ERS_REIMBURSEMENT_TYPE
VALUES (3,'TRAVEL');

INSERT INTO ERS_REIMBURSEMENT_TYPE
VALUES (4, 'FOOD');

INSERT INTO ERS_REIMBURSEMENT_TYPE
VALUES (5,'OTHER');

COMMIT;

INSERT INTO ERS_USERS
VALUES (1, 'JSMITH', 123, 'JOHN','SMITH','JSMITH@EMAIL.COM', 1);

INSERT INTO ERS_USERS
VALUES (2, 'AJOHNSON', 456, 'ANDREA','JOHNSON','ANDREA@EMAIL.COM', 2);

INSERT INTO ERS_USERS
VALUES (3, 'DJETA', 789, 'DERRICK', 'JETER', 'DJ@EMAIL.COM', 1);

INSERT INTO ERS_USERS
VALUES (4, 'HUGHO', 123, 'HUGH','MUNGUS','HUGHM@EMAIL.COM', 1);

INSERT INTO ERS_USERS
VALUES (5, 'AC23', 123, 'ANNE', 'CHOVY','FISHEYE@EMAIL.COM',1);

INSERT INTO ERS_USERS
VALUES (6, 'TOOMATO', 123, 'TOM','ATO','TOMATO@EMAIL.COM', 1);

COMMIT;
insert into ERS_REIMBURSEMENT (REIMB_ID, REIMB_AMOUNT, REIMB_SUBMITTED, REIMB_AUTHOR, REIMB_STATUS_ID, REIMB_TYPE_ID) values (1, 935.99, TIMESTAMP '2016-03-17 01:31:22', 3, 2, 4);
insert into ERS_REIMBURSEMENT (REIMB_ID, REIMB_AMOUNT, REIMB_SUBMITTED, REIMB_AUTHOR, REIMB_STATUS_ID, REIMB_TYPE_ID) values (2, 7538.09, TIMESTAMP '2016-01-16 23:48:30', 1, 1, 5);
insert into ERS_REIMBURSEMENT (REIMB_ID, REIMB_AMOUNT, REIMB_SUBMITTED, REIMB_AUTHOR, REIMB_STATUS_ID, REIMB_TYPE_ID) values (3, 7418.47, TIMESTAMP '2016-04-22 18:18:17', 3, 1, 5);
insert into ERS_REIMBURSEMENT (REIMB_ID, REIMB_AMOUNT, REIMB_SUBMITTED, REIMB_AUTHOR, REIMB_STATUS_ID, REIMB_TYPE_ID) values (4, 8239.87, TIMESTAMP '2016-08-05 22:17:49', 3, 2, 2);
insert into ERS_REIMBURSEMENT (REIMB_ID, REIMB_AMOUNT, REIMB_SUBMITTED, REIMB_AUTHOR, REIMB_STATUS_ID, REIMB_TYPE_ID) values (5, 3209.52, TIMESTAMP '2016-10-02 02:48:02', 4, 2, 4);
insert into ERS_REIMBURSEMENT (REIMB_ID, REIMB_AMOUNT, REIMB_SUBMITTED, REIMB_AUTHOR, REIMB_STATUS_ID, REIMB_TYPE_ID) values (6, 9280.19, TIMESTAMP '2016-01-12 20:29:09', 3, 2, 1);
insert into ERS_REIMBURSEMENT (REIMB_ID, REIMB_AMOUNT, REIMB_SUBMITTED, REIMB_AUTHOR, REIMB_STATUS_ID, REIMB_TYPE_ID) values (7, 1697.37, TIMESTAMP '2016-08-24 09:48:20', 1, 3, 4);
insert into ERS_REIMBURSEMENT (REIMB_ID, REIMB_AMOUNT, REIMB_SUBMITTED, REIMB_AUTHOR, REIMB_STATUS_ID, REIMB_TYPE_ID) values (8, 964.2, TIMESTAMP '2016-04-07 00:28:09', 2, 3, 2);
insert into ERS_REIMBURSEMENT (REIMB_ID, REIMB_AMOUNT, REIMB_SUBMITTED, REIMB_AUTHOR, REIMB_STATUS_ID, REIMB_TYPE_ID) values (9, 5200.31, TIMESTAMP '2016-06-08 02:35:12', 2, 3, 1);
insert into ERS_REIMBURSEMENT (REIMB_ID, REIMB_AMOUNT, REIMB_SUBMITTED, REIMB_AUTHOR, REIMB_STATUS_ID, REIMB_TYPE_ID) values (10, 9822.89, TIMESTAMP '2016-02-02 14:38:45', 1, 1, 1);
insert into ERS_REIMBURSEMENT (REIMB_ID, REIMB_AMOUNT, REIMB_SUBMITTED, REIMB_AUTHOR, REIMB_STATUS_ID, REIMB_TYPE_ID) values (11, 5630.33, TIMESTAMP '2016-09-19 09:41:28', 5, 1, 4);
insert into ERS_REIMBURSEMENT (REIMB_ID, REIMB_AMOUNT, REIMB_SUBMITTED, REIMB_AUTHOR, REIMB_STATUS_ID, REIMB_TYPE_ID) values (12, 1454.0, TIMESTAMP '2016-08-08 03:48:40', 3, 3, 3);
insert into ERS_REIMBURSEMENT (REIMB_ID, REIMB_AMOUNT, REIMB_SUBMITTED, REIMB_AUTHOR, REIMB_STATUS_ID, REIMB_TYPE_ID) values (13, 988.21, TIMESTAMP '2016-06-14 20:20:39', 2, 3, 2);
insert into ERS_REIMBURSEMENT (REIMB_ID, REIMB_AMOUNT, REIMB_SUBMITTED, REIMB_AUTHOR, REIMB_STATUS_ID, REIMB_TYPE_ID) values (14, 4240.77, TIMESTAMP '2016-06-01 12:23:03', 1, 1, 1);
insert into ERS_REIMBURSEMENT (REIMB_ID, REIMB_AMOUNT, REIMB_SUBMITTED, REIMB_AUTHOR, REIMB_STATUS_ID, REIMB_TYPE_ID) values (15, 9801.01, TIMESTAMP '2016-10-07 08:35:39', 1, 1, 1);
insert into ERS_REIMBURSEMENT (REIMB_ID, REIMB_AMOUNT, REIMB_SUBMITTED, REIMB_AUTHOR, REIMB_STATUS_ID, REIMB_TYPE_ID) values (16, 6606.9, TIMESTAMP '2016-08-05 00:32:43', 5, 1, 1);
insert into ERS_REIMBURSEMENT (REIMB_ID, REIMB_AMOUNT, REIMB_SUBMITTED, REIMB_AUTHOR, REIMB_STATUS_ID, REIMB_TYPE_ID) values (17, 7399.12, TIMESTAMP '2016-04-21 23:19:41', 1, 1, 2);
insert into ERS_REIMBURSEMENT (REIMB_ID, REIMB_AMOUNT, REIMB_SUBMITTED, REIMB_AUTHOR, REIMB_STATUS_ID, REIMB_TYPE_ID) values (18, 9307.06, TIMESTAMP '2016-06-19 15:31:37', 4, 2, 5);
insert into ERS_REIMBURSEMENT (REIMB_ID, REIMB_AMOUNT, REIMB_SUBMITTED, REIMB_AUTHOR, REIMB_STATUS_ID, REIMB_TYPE_ID) values (19, 6132.37, TIMESTAMP '2016-02-22 06:22:47', 3, 2, 1);
insert into ERS_REIMBURSEMENT (REIMB_ID, REIMB_AMOUNT, REIMB_SUBMITTED, REIMB_AUTHOR, REIMB_STATUS_ID, REIMB_TYPE_ID) values (20, 618.42, TIMESTAMP '2016-04-19 01:03:02', 3, 3, 5);
insert into ERS_REIMBURSEMENT (REIMB_ID, REIMB_AMOUNT, REIMB_SUBMITTED, REIMB_AUTHOR, REIMB_STATUS_ID, REIMB_TYPE_ID) values (21, 1088.89, TIMESTAMP '2016-02-08 05:22:31', 4, 3, 3);
insert into ERS_REIMBURSEMENT (REIMB_ID, REIMB_AMOUNT, REIMB_SUBMITTED, REIMB_AUTHOR, REIMB_STATUS_ID, REIMB_TYPE_ID) values (22, 7742.15, TIMESTAMP '2016-07-16 02:27:57', 2, 1, 1);
insert into ERS_REIMBURSEMENT (REIMB_ID, REIMB_AMOUNT, REIMB_SUBMITTED, REIMB_AUTHOR, REIMB_STATUS_ID, REIMB_TYPE_ID) values (23, 1356.66, TIMESTAMP '2016-03-02 15:22:25', 6, 2, 3);
insert into ERS_REIMBURSEMENT (REIMB_ID, REIMB_AMOUNT, REIMB_SUBMITTED, REIMB_AUTHOR, REIMB_STATUS_ID, REIMB_TYPE_ID) values (24, 4929.99, TIMESTAMP '2016-04-19 16:27:41', 5, 2, 5);
insert into ERS_REIMBURSEMENT (REIMB_ID, REIMB_AMOUNT, REIMB_SUBMITTED, REIMB_AUTHOR, REIMB_STATUS_ID, REIMB_TYPE_ID) values (25, 5839.99, TIMESTAMP '2016-09-26 04:05:37', 4, 2, 1);
insert into ERS_REIMBURSEMENT (REIMB_ID, REIMB_AMOUNT, REIMB_SUBMITTED, REIMB_AUTHOR, REIMB_STATUS_ID, REIMB_TYPE_ID) values (26, 6833.21, TIMESTAMP '2016-03-12 05:29:36', 5, 1, 3);
insert into ERS_REIMBURSEMENT (REIMB_ID, REIMB_AMOUNT, REIMB_SUBMITTED, REIMB_AUTHOR, REIMB_STATUS_ID, REIMB_TYPE_ID) values (27, 1559.74, TIMESTAMP '2016-07-02 12:42:44', 2, 2, 5);
insert into ERS_REIMBURSEMENT (REIMB_ID, REIMB_AMOUNT, REIMB_SUBMITTED, REIMB_AUTHOR, REIMB_STATUS_ID, REIMB_TYPE_ID) values (28, 498.2, TIMESTAMP '2016-12-06 01:24:51', 3, 1, 5);
insert into ERS_REIMBURSEMENT (REIMB_ID, REIMB_AMOUNT, REIMB_SUBMITTED, REIMB_AUTHOR, REIMB_STATUS_ID, REIMB_TYPE_ID) values (29, 533.53, TIMESTAMP '2016-04-07 06:19:37', 6, 3, 2);
insert into ERS_REIMBURSEMENT (REIMB_ID, REIMB_AMOUNT, REIMB_SUBMITTED, REIMB_AUTHOR, REIMB_STATUS_ID, REIMB_TYPE_ID) values (30, 2393.66, TIMESTAMP '2016-02-29 23:00:45', 1, 2, 1);
insert into ERS_REIMBURSEMENT (REIMB_ID, REIMB_AMOUNT, REIMB_SUBMITTED, REIMB_AUTHOR, REIMB_STATUS_ID, REIMB_TYPE_ID) values (31, 2375.16, TIMESTAMP '2016-04-29 06:06:04', 4, 1, 1);
insert into ERS_REIMBURSEMENT (REIMB_ID, REIMB_AMOUNT, REIMB_SUBMITTED, REIMB_AUTHOR, REIMB_STATUS_ID, REIMB_TYPE_ID) values (32, 2164.86, TIMESTAMP '2016-09-27 07:46:50', 4, 3, 3);
insert into ERS_REIMBURSEMENT (REIMB_ID, REIMB_AMOUNT, REIMB_SUBMITTED, REIMB_AUTHOR, REIMB_STATUS_ID, REIMB_TYPE_ID) values (33, 2127.34, TIMESTAMP '2016-02-15 21:24:00', 5, 2, 3);
insert into ERS_REIMBURSEMENT (REIMB_ID, REIMB_AMOUNT, REIMB_SUBMITTED, REIMB_AUTHOR, REIMB_STATUS_ID, REIMB_TYPE_ID) values (34, 4036.44, TIMESTAMP '2016-09-03 07:09:16', 5, 3, 5);
insert into ERS_REIMBURSEMENT (REIMB_ID, REIMB_AMOUNT, REIMB_SUBMITTED, REIMB_AUTHOR, REIMB_STATUS_ID, REIMB_TYPE_ID) values (35, 4359.95, TIMESTAMP '2016-06-06 21:12:29', 3, 2, 4);
insert into ERS_REIMBURSEMENT (REIMB_ID, REIMB_AMOUNT, REIMB_SUBMITTED, REIMB_AUTHOR, REIMB_STATUS_ID, REIMB_TYPE_ID) values (36, 2499.88, TIMESTAMP '2016-04-27 19:04:37', 2, 2, 3);
insert into ERS_REIMBURSEMENT (REIMB_ID, REIMB_AMOUNT, REIMB_SUBMITTED, REIMB_AUTHOR, REIMB_STATUS_ID, REIMB_TYPE_ID) values (37, 5534.67, TIMESTAMP '2016-06-12 02:31:00', 4, 1, 4);
insert into ERS_REIMBURSEMENT (REIMB_ID, REIMB_AMOUNT, REIMB_SUBMITTED, REIMB_AUTHOR, REIMB_STATUS_ID, REIMB_TYPE_ID) values (38, 5268.2, TIMESTAMP '2016-02-12 00:38:13', 6, 2, 3);
insert into ERS_REIMBURSEMENT (REIMB_ID, REIMB_AMOUNT, REIMB_SUBMITTED, REIMB_AUTHOR, REIMB_STATUS_ID, REIMB_TYPE_ID) values (39, 6170.58, TIMESTAMP '2016-03-11 04:20:36', 6, 1, 4);
insert into ERS_REIMBURSEMENT (REIMB_ID, REIMB_AMOUNT, REIMB_SUBMITTED, REIMB_AUTHOR, REIMB_STATUS_ID, REIMB_TYPE_ID) values (40, 6920.83, TIMESTAMP '2016-03-18 01:35:07', 1, 2, 5);
insert into ERS_REIMBURSEMENT (REIMB_ID, REIMB_AMOUNT, REIMB_SUBMITTED, REIMB_AUTHOR, REIMB_STATUS_ID, REIMB_TYPE_ID) values (41, 8302.33, TIMESTAMP '2016-01-18 20:58:31', 6, 2, 5);
insert into ERS_REIMBURSEMENT (REIMB_ID, REIMB_AMOUNT, REIMB_SUBMITTED, REIMB_AUTHOR, REIMB_STATUS_ID, REIMB_TYPE_ID) values (42, 1510.41, TIMESTAMP '2016-10-03 14:42:11', 1, 3, 5);
insert into ERS_REIMBURSEMENT (REIMB_ID, REIMB_AMOUNT, REIMB_SUBMITTED, REIMB_AUTHOR, REIMB_STATUS_ID, REIMB_TYPE_ID) values (43, 7485.45, TIMESTAMP '2016-11-26 07:29:46', 5, 1, 5);
insert into ERS_REIMBURSEMENT (REIMB_ID, REIMB_AMOUNT, REIMB_SUBMITTED, REIMB_AUTHOR, REIMB_STATUS_ID, REIMB_TYPE_ID) values (44, 6461.16, TIMESTAMP '2015-12-14 05:48:38', 2, 3, 1);
insert into ERS_REIMBURSEMENT (REIMB_ID, REIMB_AMOUNT, REIMB_SUBMITTED, REIMB_AUTHOR, REIMB_STATUS_ID, REIMB_TYPE_ID) values (45, 9991.03, TIMESTAMP '2016-03-21 09:45:47', 6, 2, 4);
insert into ERS_REIMBURSEMENT (REIMB_ID, REIMB_AMOUNT, REIMB_SUBMITTED, REIMB_AUTHOR, REIMB_STATUS_ID, REIMB_TYPE_ID) values (46, 19.37, TIMESTAMP '2016-05-17 00:53:06', 1, 2, 1);
insert into ERS_REIMBURSEMENT (REIMB_ID, REIMB_AMOUNT, REIMB_SUBMITTED, REIMB_AUTHOR, REIMB_STATUS_ID, REIMB_TYPE_ID) values (47, 5532.45, TIMESTAMP '2015-12-24 03:04:38', 3, 3, 1);
insert into ERS_REIMBURSEMENT (REIMB_ID, REIMB_AMOUNT, REIMB_SUBMITTED, REIMB_AUTHOR, REIMB_STATUS_ID, REIMB_TYPE_ID) values (48, 5468.19, TIMESTAMP '2016-03-27 15:34:48', 3, 3, 4);
insert into ERS_REIMBURSEMENT (REIMB_ID, REIMB_AMOUNT, REIMB_SUBMITTED, REIMB_AUTHOR, REIMB_STATUS_ID, REIMB_TYPE_ID) values (49, 7061.99, TIMESTAMP '2016-08-28 17:52:31', 2, 2, 4);
insert into ERS_REIMBURSEMENT (REIMB_ID, REIMB_AMOUNT, REIMB_SUBMITTED, REIMB_AUTHOR, REIMB_STATUS_ID, REIMB_TYPE_ID) values (50, 2532.15, TIMESTAMP '2016-02-17 21:51:46', 6, 3, 3);
insert into ERS_REIMBURSEMENT (REIMB_ID, REIMB_AMOUNT, REIMB_SUBMITTED, REIMB_AUTHOR, REIMB_STATUS_ID, REIMB_TYPE_ID) values (51, 7983.53, TIMESTAMP '2016-11-26 17:10:27', 1, 2, 3);
insert into ERS_REIMBURSEMENT (REIMB_ID, REIMB_AMOUNT, REIMB_SUBMITTED, REIMB_AUTHOR, REIMB_STATUS_ID, REIMB_TYPE_ID) values (52, 60.26, TIMESTAMP '2016-11-04 02:25:53', 6, 2, 1);
insert into ERS_REIMBURSEMENT (REIMB_ID, REIMB_AMOUNT, REIMB_SUBMITTED, REIMB_AUTHOR, REIMB_STATUS_ID, REIMB_TYPE_ID) values (53, 1328.87, TIMESTAMP '2016-06-23 03:51:30', 1, 2, 1);
insert into ERS_REIMBURSEMENT (REIMB_ID, REIMB_AMOUNT, REIMB_SUBMITTED, REIMB_AUTHOR, REIMB_STATUS_ID, REIMB_TYPE_ID) values (54, 719.63, TIMESTAMP '2016-11-19 04:22:36', 2, 2, 4);
insert into ERS_REIMBURSEMENT (REIMB_ID, REIMB_AMOUNT, REIMB_SUBMITTED, REIMB_AUTHOR, REIMB_STATUS_ID, REIMB_TYPE_ID) values (55, 5559.88, TIMESTAMP '2016-09-26 17:40:51', 3, 1, 1);
insert into ERS_REIMBURSEMENT (REIMB_ID, REIMB_AMOUNT, REIMB_SUBMITTED, REIMB_AUTHOR, REIMB_STATUS_ID, REIMB_TYPE_ID) values (56, 4351.04, TIMESTAMP '2016-11-06 05:10:09', 3, 3, 5);
insert into ERS_REIMBURSEMENT (REIMB_ID, REIMB_AMOUNT, REIMB_SUBMITTED, REIMB_AUTHOR, REIMB_STATUS_ID, REIMB_TYPE_ID) values (57, 2739.63, TIMESTAMP '2016-04-07 00:34:11', 4, 1, 5);
insert into ERS_REIMBURSEMENT (REIMB_ID, REIMB_AMOUNT, REIMB_SUBMITTED, REIMB_AUTHOR, REIMB_STATUS_ID, REIMB_TYPE_ID) values (58, 8310.42, TIMESTAMP '2016-07-14 23:11:45', 2, 2, 1);
insert into ERS_REIMBURSEMENT (REIMB_ID, REIMB_AMOUNT, REIMB_SUBMITTED, REIMB_AUTHOR, REIMB_STATUS_ID, REIMB_TYPE_ID) values (59, 1192.72, TIMESTAMP '2016-05-11 13:13:28', 1, 1, 2);
insert into ERS_REIMBURSEMENT (REIMB_ID, REIMB_AMOUNT, REIMB_SUBMITTED, REIMB_AUTHOR, REIMB_STATUS_ID, REIMB_TYPE_ID) values (60, 9584.9, TIMESTAMP '2016-08-04 03:40:52', 5, 3, 3);
insert into ERS_REIMBURSEMENT (REIMB_ID, REIMB_AMOUNT, REIMB_SUBMITTED, REIMB_AUTHOR, REIMB_STATUS_ID, REIMB_TYPE_ID) values (61, 6624.24, TIMESTAMP '2016-11-11 08:11:48', 2, 1, 4);
insert into ERS_REIMBURSEMENT (REIMB_ID, REIMB_AMOUNT, REIMB_SUBMITTED, REIMB_AUTHOR, REIMB_STATUS_ID, REIMB_TYPE_ID) values (62, 6663.08, TIMESTAMP '2016-07-11 20:20:50', 5, 3, 1);
insert into ERS_REIMBURSEMENT (REIMB_ID, REIMB_AMOUNT, REIMB_SUBMITTED, REIMB_AUTHOR, REIMB_STATUS_ID, REIMB_TYPE_ID) values (63, 3772.68, TIMESTAMP '2016-03-07 20:36:44', 2, 1, 1);
insert into ERS_REIMBURSEMENT (REIMB_ID, REIMB_AMOUNT, REIMB_SUBMITTED, REIMB_AUTHOR, REIMB_STATUS_ID, REIMB_TYPE_ID) values (64, 1313.68, TIMESTAMP '2016-08-21 20:02:51', 1, 3, 5);
insert into ERS_REIMBURSEMENT (REIMB_ID, REIMB_AMOUNT, REIMB_SUBMITTED, REIMB_AUTHOR, REIMB_STATUS_ID, REIMB_TYPE_ID) values (65, 9654.44, TIMESTAMP '2016-07-06 04:39:24', 4, 1, 2);
insert into ERS_REIMBURSEMENT (REIMB_ID, REIMB_AMOUNT, REIMB_SUBMITTED, REIMB_AUTHOR, REIMB_STATUS_ID, REIMB_TYPE_ID) values (66, 7603.01, TIMESTAMP '2016-07-15 08:10:10', 1, 1, 1);
insert into ERS_REIMBURSEMENT (REIMB_ID, REIMB_AMOUNT, REIMB_SUBMITTED, REIMB_AUTHOR, REIMB_STATUS_ID, REIMB_TYPE_ID) values (67, 4004.54, TIMESTAMP '2016-02-12 11:25:54', 5, 3, 1);
insert into ERS_REIMBURSEMENT (REIMB_ID, REIMB_AMOUNT, REIMB_SUBMITTED, REIMB_AUTHOR, REIMB_STATUS_ID, REIMB_TYPE_ID) values (68, 2122.52, TIMESTAMP '2016-01-16 16:30:07', 1, 2, 5);
insert into ERS_REIMBURSEMENT (REIMB_ID, REIMB_AMOUNT, REIMB_SUBMITTED, REIMB_AUTHOR, REIMB_STATUS_ID, REIMB_TYPE_ID) values (69, 8024.81, TIMESTAMP '2016-10-12 00:07:20', 4, 3, 3);
insert into ERS_REIMBURSEMENT (REIMB_ID, REIMB_AMOUNT, REIMB_SUBMITTED, REIMB_AUTHOR, REIMB_STATUS_ID, REIMB_TYPE_ID) values (70, 5265.04, TIMESTAMP '2016-08-31 18:54:08', 2, 3, 1);
insert into ERS_REIMBURSEMENT (REIMB_ID, REIMB_AMOUNT, REIMB_SUBMITTED, REIMB_AUTHOR, REIMB_STATUS_ID, REIMB_TYPE_ID) values (71, 7803.15, TIMESTAMP '2016-06-18 13:31:23', 1, 2, 2);
insert into ERS_REIMBURSEMENT (REIMB_ID, REIMB_AMOUNT, REIMB_SUBMITTED, REIMB_AUTHOR, REIMB_STATUS_ID, REIMB_TYPE_ID) values (72, 3081.73, TIMESTAMP '2016-08-30 17:24:06', 6, 3, 4);
insert into ERS_REIMBURSEMENT (REIMB_ID, REIMB_AMOUNT, REIMB_SUBMITTED, REIMB_AUTHOR, REIMB_STATUS_ID, REIMB_TYPE_ID) values (73, 6123.44, TIMESTAMP '2016-04-19 08:17:05', 6, 1, 1);
insert into ERS_REIMBURSEMENT (REIMB_ID, REIMB_AMOUNT, REIMB_SUBMITTED, REIMB_AUTHOR, REIMB_STATUS_ID, REIMB_TYPE_ID) values (74, 4499.83, TIMESTAMP '2016-11-10 12:17:55', 3, 3, 5);
insert into ERS_REIMBURSEMENT (REIMB_ID, REIMB_AMOUNT, REIMB_SUBMITTED, REIMB_AUTHOR, REIMB_STATUS_ID, REIMB_TYPE_ID) values (75, 9298.39, TIMESTAMP '2016-10-28 23:50:41', 1, 3, 2);
insert into ERS_REIMBURSEMENT (REIMB_ID, REIMB_AMOUNT, REIMB_SUBMITTED, REIMB_AUTHOR, REIMB_STATUS_ID, REIMB_TYPE_ID) values (76, 9070.71, TIMESTAMP '2015-12-08 17:12:47', 2, 2, 1);
insert into ERS_REIMBURSEMENT (REIMB_ID, REIMB_AMOUNT, REIMB_SUBMITTED, REIMB_AUTHOR, REIMB_STATUS_ID, REIMB_TYPE_ID) values (77, 6102.37, TIMESTAMP '2016-09-22 14:14:31', 6, 1, 2);
insert into ERS_REIMBURSEMENT (REIMB_ID, REIMB_AMOUNT, REIMB_SUBMITTED, REIMB_AUTHOR, REIMB_STATUS_ID, REIMB_TYPE_ID) values (78, 6337.34, TIMESTAMP '2016-04-14 18:21:25', 2, 1, 1);
insert into ERS_REIMBURSEMENT (REIMB_ID, REIMB_AMOUNT, REIMB_SUBMITTED, REIMB_AUTHOR, REIMB_STATUS_ID, REIMB_TYPE_ID) values (79, 4393.97, TIMESTAMP '2016-11-10 07:11:14', 5, 1, 2);
insert into ERS_REIMBURSEMENT (REIMB_ID, REIMB_AMOUNT, REIMB_SUBMITTED, REIMB_AUTHOR, REIMB_STATUS_ID, REIMB_TYPE_ID) values (80, 9824.29, TIMESTAMP '2016-01-18 22:48:43', 2, 2, 3);
insert into ERS_REIMBURSEMENT (REIMB_ID, REIMB_AMOUNT, REIMB_SUBMITTED, REIMB_AUTHOR, REIMB_STATUS_ID, REIMB_TYPE_ID) values (81, 9566.39, TIMESTAMP '2015-12-30 16:29:11', 3, 2, 2);
insert into ERS_REIMBURSEMENT (REIMB_ID, REIMB_AMOUNT, REIMB_SUBMITTED, REIMB_AUTHOR, REIMB_STATUS_ID, REIMB_TYPE_ID) values (82, 7287.54, TIMESTAMP '2016-06-04 15:44:49', 1, 2, 5);
insert into ERS_REIMBURSEMENT (REIMB_ID, REIMB_AMOUNT, REIMB_SUBMITTED, REIMB_AUTHOR, REIMB_STATUS_ID, REIMB_TYPE_ID) values (83, 9862.33, TIMESTAMP '2016-02-25 17:30:29', 4, 2, 3);
insert into ERS_REIMBURSEMENT (REIMB_ID, REIMB_AMOUNT, REIMB_SUBMITTED, REIMB_AUTHOR, REIMB_STATUS_ID, REIMB_TYPE_ID) values (84, 5975.26, TIMESTAMP '2016-05-06 15:38:33', 5, 1, 2);
insert into ERS_REIMBURSEMENT (REIMB_ID, REIMB_AMOUNT, REIMB_SUBMITTED, REIMB_AUTHOR, REIMB_STATUS_ID, REIMB_TYPE_ID) values (85, 3238.87, TIMESTAMP '2016-07-22 00:23:48', 5, 2, 2);
insert into ERS_REIMBURSEMENT (REIMB_ID, REIMB_AMOUNT, REIMB_SUBMITTED, REIMB_AUTHOR, REIMB_STATUS_ID, REIMB_TYPE_ID) values (86, 7719.2, TIMESTAMP '2016-04-16 23:26:33', 4, 2, 4);
insert into ERS_REIMBURSEMENT (REIMB_ID, REIMB_AMOUNT, REIMB_SUBMITTED, REIMB_AUTHOR, REIMB_STATUS_ID, REIMB_TYPE_ID) values (87, 7704.17, TIMESTAMP '2016-01-06 00:09:27', 6, 3, 2);
insert into ERS_REIMBURSEMENT (REIMB_ID, REIMB_AMOUNT, REIMB_SUBMITTED, REIMB_AUTHOR, REIMB_STATUS_ID, REIMB_TYPE_ID) values (88, 7918.06, TIMESTAMP '2016-08-02 17:02:47', 4, 2, 3);
insert into ERS_REIMBURSEMENT (REIMB_ID, REIMB_AMOUNT, REIMB_SUBMITTED, REIMB_AUTHOR, REIMB_STATUS_ID, REIMB_TYPE_ID) values (89, 7576.39, TIMESTAMP '2016-08-08 18:36:40', 4, 1, 4);
insert into ERS_REIMBURSEMENT (REIMB_ID, REIMB_AMOUNT, REIMB_SUBMITTED, REIMB_AUTHOR, REIMB_STATUS_ID, REIMB_TYPE_ID) values (90, 9008.1, TIMESTAMP '2016-03-27 20:28:49', 1, 1, 2);
insert into ERS_REIMBURSEMENT (REIMB_ID, REIMB_AMOUNT, REIMB_SUBMITTED, REIMB_AUTHOR, REIMB_STATUS_ID, REIMB_TYPE_ID) values (91, 473.69, TIMESTAMP '2016-02-24 02:51:24', 2, 1, 5);
insert into ERS_REIMBURSEMENT (REIMB_ID, REIMB_AMOUNT, REIMB_SUBMITTED, REIMB_AUTHOR, REIMB_STATUS_ID, REIMB_TYPE_ID) values (92, 9560.38, TIMESTAMP '2016-05-22 00:12:15', 3, 3, 2);
insert into ERS_REIMBURSEMENT (REIMB_ID, REIMB_AMOUNT, REIMB_SUBMITTED, REIMB_AUTHOR, REIMB_STATUS_ID, REIMB_TYPE_ID) values (93, 1402.43, TIMESTAMP '2016-06-18 07:16:12', 4, 1, 1);
insert into ERS_REIMBURSEMENT (REIMB_ID, REIMB_AMOUNT, REIMB_SUBMITTED, REIMB_AUTHOR, REIMB_STATUS_ID, REIMB_TYPE_ID) values (94, 2238.75, TIMESTAMP '2016-02-29 00:00:57', 4, 1, 1);
insert into ERS_REIMBURSEMENT (REIMB_ID, REIMB_AMOUNT, REIMB_SUBMITTED, REIMB_AUTHOR, REIMB_STATUS_ID, REIMB_TYPE_ID) values (95, 760.2, TIMESTAMP '2016-12-03 03:15:46', 4, 3, 2);
insert into ERS_REIMBURSEMENT (REIMB_ID, REIMB_AMOUNT, REIMB_SUBMITTED, REIMB_AUTHOR, REIMB_STATUS_ID, REIMB_TYPE_ID) values (96, 5490.54, TIMESTAMP '2016-07-18 08:59:08', 2, 2, 2);
insert into ERS_REIMBURSEMENT (REIMB_ID, REIMB_AMOUNT, REIMB_SUBMITTED, REIMB_AUTHOR, REIMB_STATUS_ID, REIMB_TYPE_ID) values (97, 6584.43, TIMESTAMP '2016-09-24 19:46:09', 4, 2, 1);
insert into ERS_REIMBURSEMENT (REIMB_ID, REIMB_AMOUNT, REIMB_SUBMITTED, REIMB_AUTHOR, REIMB_STATUS_ID, REIMB_TYPE_ID) values (98, 754.79, TIMESTAMP '2016-05-13 21:14:53', 5, 3, 1);
insert into ERS_REIMBURSEMENT (REIMB_ID, REIMB_AMOUNT, REIMB_SUBMITTED, REIMB_AUTHOR, REIMB_STATUS_ID, REIMB_TYPE_ID) values (99, 5060.74, TIMESTAMP '2016-07-14 23:32:32', 2, 2, 1);
insert into ERS_REIMBURSEMENT (REIMB_ID, REIMB_AMOUNT, REIMB_SUBMITTED, REIMB_AUTHOR, REIMB_STATUS_ID, REIMB_TYPE_ID) values (100, 8506.79, TIMESTAMP '2016-06-23 19:50:06', 3, 1, 4);

COMMIT;

INSERT INTO ERS_USERS
VALUES (7, 'HEADHONCHO', 123, 'HEAD', 'HONCHO','THEBOSS@EMAIL.COM',2);

SELECT * FROM ERS_USERS WHERE ERS_USERNAME='JSMITH';

SELECT REIMB_ID, REIMB_AMOUNT, REIMB_SUBMITTED, REIMB_AUTHOR, REIMB_STATUS_ID, REIMB_TYPE_ID , ERS_USERS_ID, ERS_USERNAME, ERS_PASSWORD, USER_FIRST_NAME, USER_LAST_NAME, USER_EMAIL, USER_ROLE_ID FROM ERS_REIMBURSEMENT INNER JOIN ERS_USERS ON ERS_USERS.ERS_USERS_ID=ERS_REIMBURSEMENT.REIMB_AUTHOR WHERE ERS_USERNAME='JSMITH';

SELECT * FROM ERS_REIMBURSEMENT;

SELECT USER_FIRST_NAME || ' ' || USER_LAST_NAME AS FULLNAME
FROM ERS_USERS;


/* VIEW ALL REIMBURSEMENTS*/
SELECT REIMB_ID, ERS_USERNAME, USER_FIRST_NAME || ' ' || USER_LAST_NAME, REIMB_SUBMITTED, REIMB_RESOLVED, REIMB_STATUS, REIMB_TYPE
FROM ERS_REIMBURSEMENT R
LEFT OUTER JOIN ERS_REIMBURSEMENT_STATUS S
ON R.REIMB_STATUS_ID=S.REIMB_STATUS_ID
LEFT OUTER JOIN ERS_REIMBURSEMENT_TYPE T
ON R.REIMB_TYPE_ID=T.REIMB_TYPE_ID
INNER JOIN ERS_USERS U
ON U.ERS_USERS_ID=R.REIMB_AUTHOR;


/* VIEW ALL REIMBURSEMENTS FOR 1 USER*/
SELECT REIMB_ID, ERS_USERNAME, USER_FIRST_NAME || ' ' || USER_LAST_NAME AS FULLNAME, REIMB_SUBMITTED, REIMB_RESOLVED, REIMB_STATUS, REIMB_TYPE
FROM ERS_REIMBURSEMENT R
LEFT OUTER JOIN ERS_REIMBURSEMENT_STATUS S
ON R.REIMB_STATUS_ID=S.REIMB_STATUS_ID
LEFT OUTER JOIN ERS_REIMBURSEMENT_TYPE T
ON R.REIMB_TYPE_ID=T.REIMB_TYPE_ID
INNER JOIN ERS_USERS U
ON U.ERS_USERS_ID=R.REIMB_AUTHOR
WHERE ERS_USERS_ID=1;

/* VIEW ALL PENDING REIMBURSEMENTS*/
SELECT REIMB_ID, ERS_USERNAME, USER_FIRST_NAME || ' ' || USER_LAST_NAME AS FULLNAME, REIMB_SUBMITTED, REIMB_RESOLVED, REIMB_TYPE
FROM ERS_REIMBURSEMENT R
LEFT OUTER JOIN ERS_REIMBURSEMENT_STATUS S
ON R.REIMB_STATUS_ID=S.REIMB_STATUS_ID
LEFT OUTER JOIN ERS_REIMBURSEMENT_TYPE T
ON R.REIMB_TYPE_ID=T.REIMB_TYPE_ID
INNER JOIN ERS_USERS U
ON U.ERS_USERS_ID=R.REIMB_AUTHOR
WHERE ERS_USERS_ID=1 AND REIMB_STATUS='PENDING';

/* VIEW ALL APRROVED REIMBURSEMENTS*/
SELECT REIMB_ID, ERS_USERNAME, USER_FIRST_NAME || ' ' || USER_LAST_NAME AS FULLNAME, REIMB_SUBMITTED, REIMB_RESOLVED, REIMB_TYPE
FROM ERS_REIMBURSEMENT R
LEFT OUTER JOIN ERS_REIMBURSEMENT_STATUS S
ON R.REIMB_STATUS_ID=S.REIMB_STATUS_ID
LEFT OUTER JOIN ERS_REIMBURSEMENT_TYPE T
ON R.REIMB_TYPE_ID=T.REIMB_TYPE_ID
INNER JOIN ERS_USERS U
ON U.ERS_USERS_ID=R.REIMB_AUTHOR
WHERE ERS_USERS_ID=1 AND REIMB_STATUS='APPROVED';

/* VIEW ALL DENIED REIMBURSEMENTS*/
SELECT REIMB_ID, ERS_USERNAME, USER_FIRST_NAME || ' ' || USER_LAST_NAME AS FULLNAME, REIMB_SUBMITTED, REIMB_RESOLVED, REIMB_TYPE
FROM ERS_REIMBURSEMENT R
LEFT OUTER JOIN ERS_REIMBURSEMENT_STATUS S
ON R.REIMB_STATUS_ID=S.REIMB_STATUS_ID
LEFT OUTER JOIN ERS_REIMBURSEMENT_TYPE T
ON R.REIMB_TYPE_ID=T.REIMB_TYPE_ID
INNER JOIN ERS_USERS U
ON U.ERS_USERS_ID=R.REIMB_AUTHOR
WHERE ERS_USERS_ID=1 AND REIMB_STATUS='DENIED';

SELECT R.REIMB_ID, REIMB_AMOUNT, REIMB_SUBMITTED, REIMB_RESOLVED, REIMB_DESCRIPTION, REIMB_RECEIPT, 
REIMB_AUTHOR, REIMB_RESOLVER, R.REIMB_STATUS_ID, R.REIMB_TYPE_ID, REIMB_STATUS, REIMB_TYPE, 
ERS_USERNAME, ERS_PASSWORD, USER_FIRST_NAME, USER_LAST_NAME, USER_EMAIL, U.USER_ROLE_ID, USER_ROLE 
FROM ERS_REIMBURSEMENT R
LEFT OUTER JOIN ERS_REIMBURSEMENT_STATUS S
ON R.REIMB_STATUS_ID=S.REIMB_STATUS_ID
LEFT OUTER JOIN ERS_REIMBURSEMENT_TYPE T
ON R.REIMB_TYPE_ID=T.REIMB_TYPE_ID
INNER JOIN ERS_USERS U
ON U.ERS_USERS_ID=R.REIMB_AUTHOR
INNER JOIN ERS_USER_ROLES UR 
ON UR.ERS_USER_ROLE_ID=U.USER_ROLE_ID;


SELECT ERS_USERS_ID, ERS_USERNAME, ERS_PASSWORD, USER_FIRST_NAME, USER_LAST_NAME, USER_EMAIL, USER_ROLE_ID, USER_ROLE FROM ERS_USERS LEFT OUTER JOIN ERS_USER_ROLES ON ERS_USER_ROLE_ID=USER_ROLE_ID WHERE ERS_USERNAME='JSMITH';

INSERT INTO ERS_REIMBURSEMENT (REIMB_ID, REIMB_AMOUNT, REIMB_SUBMITTED, REIMB_DESCRIPTION, REIMB_AUTHOR, REIMB_STATUS_ID, REIMB_TYPE_ID)
VALUES (1,141.23, CURRENT_TIMESTAMP, '401 BIG MACS', 1, 1, 1);

ALTER TABLE ERS_USERS
MODIFY ERS_PASSWORD VARCHAR2(150);